7jsyqt,announcements,192060,The FCC’s vote was predictably frustrating but we’re not done fighting for net neutrality.,1513300215.0,15120
80jsi9,announcements,159062,Upvote the Downvote: Tell Congress to use the CRA to save net neutrality!,1519736405.0,4976
3cucye,announcements,132257,An old team at reddit,1436591690.0,20564
5gvd6b,announcements,61411,Scores on posts are about to start going up,1481086088.0,5124
5frg1n,announcements,50321,TIFU by editing some comments and creating an unnecessary controversy.,1480561489.0,36235
3sqxbb,announcements,38120,France,1447504933.0,6146
7spq3s,announcements,35319,Protect your account with two-factor authentication!,1516851573.0,3024
59k22p,announcements,32219,Hey it’s Reddit’s totally politically neutral CEO here to provide updates and dodge questions.,1477544453.0,12503
7a4bjo,announcements,30864,Time for my quarterly inquisition. Reddit CEO here AMA.,1509579159.0,21137
4p5dm9,announcements,30769,Image Hosting on Reddit,1466554199.0,4359
827zqc,announcements,30185,In response to recent reports about the integrity of Reddit I’d like to share our thinking.,1520302612.0,23256
63974m,announcements,29663,It's that time of year again. We just published our 2016 Transparency Report.,1491278312.0,4837
5u9pl5,announcements,29633,Introducing r/popular,1487216214.0,12586
62mesr,announcements,29464,Place,1491008047.0,2946
6eh6ga,announcements,29185,Reddit's new signup experience,1496286501.0,5198
7vxzrb,announcements,27714,Update on site-wide rules regarding involuntary pornography and the sexualization of minors,1518055303.0,12289
4y0m56,announcements,26374,Why Reddit was down on Aug 11,1471396351.0,3351
5or86n,announcements,25024,Spoilers tags for posts!,1484794161.0,969
4tmb16,announcements,23113,Karma for text-posts (AKA self-posts),1468977777.0,4351
6qptzw,announcements,21150,With so much going on in the world I thought I’d share some Reddit updates to distract you all,1501549840.0,5044
4oedco,announcements,20688,Let’s all have a town hall about r/all,1466125202.0,11012
7u2zpi,announcements,19916,Not my first could be my last State of the Snoo-nion,1517364746.0,9933
4dqxgt,announcements,19260,Reddit Mobile Apps,1460063078.0,6500
817lmi,announcements,18436,TIL Reddit has a Design team,1519958646.0,2442
3sbrro,announcements,18177,Account suspensions: A transparent alternative to shadowbans,1447220410.0,3781
7l34u1,announcements,16941,It is Wednesday my dudes. So here's an exciting native mobile update!,1513821959.0,2699
4l60nc,announcements,15331,Reddit account security and YOU!,1464307257.0,2792
4dmnn6,announcements,15153,New and improved block user feature in your inbox.,1459990813.0,3100
5q4qmg,announcements,14584,Out with 2016 in with 2017,1485396308.0,7024
2fpdax,announcements,14397,Time to talk,1410104977.0,8893
3djjxw,announcements,14104,Let's talk content. AMA.,1437105615.0,21783
4cqyia,announcements,11961,For your reading pleasure our 2015 Transparency Report,1459472819.0,2626
3hs3v4,announcements,11800,I’m Marty Weiner the new Reddit CTO,1440140917.0,4586
3f10up,announcements,11572,Good morning I thought I'd give a quick update.,1438206626.0,9771
3tlcil,announcements,10665,We are updating our Privacy Policy (effective Jan 1 2016),1448071213.0,2204
3f6kqy,announcements,9460,So long farewell auf Wiedersehen good night!,1438305290.0,1922
4megfw,announcements,8248,AMA about my darkest secrets,1465009417.0,6128
7xjt6g,announcements,8248,Because it’s Valentine’s Day… here’s a long-winded blog post about moderation and community styling in the redesign!,1518659209.0,1885
4ny59k,announcements,7843,Let's talk about Orlando,1465884629.0,10337
4ch0pv,announcements,7369,Updates to our media previews,1459307959.0,1106
35uyil,announcements,7253,Transparency is important to us and today we take another step forward.,1431572115.0,4818
60p3n1,announcements,6688,TL;DR: Today we're testing out a new feature that will allow users to post directly to their profile,1490147414.0,6838
2x0g9v,announcements,6415,From 1 to 9000 communities now taking steps to grow reddit to 90000 communities (and beyond!),1424829632.0,2247
2fi1bh,announcements,6149,The official reddit AMA app has been released on Android,1409900971.0,998
4mv578,announcements,5661,Affiliate links on Reddit,1465274370.0,2867
me5e9,announcements,5457,American Censorship Day - Stand up for ████ ███████ ,1321456416.0,3116
3lv3qo,announcements,5080,Marty Weiner Reddit CTO back to CTO all the things,1442903577.0,2477
4nc81l,announcements,5069,New look on Reddit mobile web: compact view,1465526244.0,1378
3p4shh,announcements,4247,CEO Steve here to answer more questions.,1445131971.0,5421
434h6c,announcements,4136,Reddit in 2016,1454033143.0,5619
231hl7,announcements,4103,We recommend that you change your reddit password,1397541650.0,3874
3fx2au,announcements,4000,Content Policy Update,1438834678.0,18649
3576g2,announcements,3984,Bringing back the reddit.com beta program,1431049935.0,932
bnskk,announcements,3839,You've just been drafted.,1270697701.0,822
d73ow,announcements,3736,reddit 101 or: click this if you're new around here! [updated],1283176646.0,2263
4w5nyr,announcements,3743,Adding r/olympics as a default community,1470360243.0,1973
cnth8,announcements,3449,"Making ends meet (TLDR: Remember that joke about reddit gold? Well...)
",1278731758.0,3267
cs4ll,announcements,3424,new search,1279763170.0,839
sxdxv,announcements,3316,A quick note on CISPA and related bills,1335682071.0,1466
4x35a3,announcements,3100,Click to hear about some of the things that have been keeping us busy. #2 will blow your mind.,1470877282.0,2964
2sk8i9,announcements,2910,We're updating the reddit Privacy Policy and User Agreement and we want your feedback - Ask Us Anything!,1421388343.0,1870
24aevu,announcements,2770,We like you all so we wanted to let you know about some Privacy Policy changes,1398818733.0,2172
e7988,announcements,2752,A number of reddit users have reported finding the cycbot.b virus on their Windows systems.,1289983859.0,2574
d7uc6,announcements,2710,Here's that analysis we promised of what happened yesterday traffic-wise (tldr: everything went better than expected).,1283310785.0,787
c0snf,announcements,2678,New feature: inboxes show you your new mail rather than crash the site,1273214570.0,603
by0qn,announcements,2489,A reddit experiment: Help us catch spammers by verifying your email address,1272594170.0,865
n49rw,announcements,2419,We're back,1323342144.0,1406
1erzth,announcements,2308,New reddit gold feature: orangereds when your /u/username is mentioned in comments.,1369188168.0,3551
cotz3,announcements,2192,This was a triumph (tldr: thanks everyone for helping so far with reddit gold),1279008276.0,1378
cskdl,announcements,2058,Welcome Jeff!,1279852157.0,919
eorhm,announcements,2061,redd.it: 30% less typing!,1292882746.0,835
avcxs,announcements,2043,reddit does not run pop-over ads (at least on on purpose),1264735347.0,600
d1sdr,announcements,1978,Why is there a mouse over the reddit logo?,1282008009.0,606
gg3qv,announcements,1925,reddit mold is now live!,1301661517.0,2629
cd9ju,announcements,1906,We've revamped reddit's mobile site!  Let us know what you think (not that we'd have to ask),1276141893.0,829
bhlao,announcements,1804,Sorry about that :(,1269470310.0,801
293oqs,announcements,1763,New reddit features: Controversial indicator for comments and contest mode improvements,1403766564.0,4704
1679go,announcements,1704,New reddit gold feature: filter subreddits from /r/all,1357704668.0,1563
gva4t,announcements,1678,On reddit's outage,1303539637.0,1565
au8tj,announcements,1607,reddit will be down for maintenance for about two hours when this post is 22 hours old (10pm PST 1am EST 6am GMT 5pm EDT),1264521802.0,425
dw7dr,announcements,1549,Quiet ads new features and an important video,1288061649.0,721
bqzaw,announcements,1543,/r/random is now built-in (and we added some new options to the reddits bar at the top of the page),1271308790.0,475
ddz0s,announcements,1538,reddit wants your permission to use your data for research to build some new features!,1284544257.0,892
c2spc,announcements,1404,reddit's May 2010 State of the Servers report (or: Why reddit was down on Wednesday),1273643688.0,596
cz6mn,announcements,1387,New features to start your week,1281410771.0,479
ibhv2,announcements,1324,What's reddit doing with all those programmers?,1309312619.0,434
ackho,announcements,1303,blog.reddit -- we added a safe for work option,1260324000.0,244
ameij,announcements,1127,reddit down for maintenance tonight 10pm Pacific (GMT -8),1262838742.0,751
fmaoz,announcements,1092,When this post was about 90 minutes old (9:20pm PST) reddit went down for maintenance,1297857001.0,835
c6209,announcements,938,The admins never do what you want? Now it is easier than ever for you to help! (New source code release this time with a VM you can run yourself),1274330466.0,381
ec5z7,announcements,818,Wanted: Beta testers for reddit gold gifting code,1290828209.0,509
mdop0,announcements,803,Nos ayudan a traducir por favor (Help us translate please!),1321428893.0,527
aep20,announcements,732,About the little red NSFW that appears next to posts...,1260866262.0,312
bygpz,announcements,719,blog.reddit -- now this is how you pitch your product to an open source company,1272682841.0,148
cw54z,announcements,702,Why was reddit down!?   ,1280718274.0,674
sbh7d,announcements,671,College Subreddit Takeover Week,1334561210.0,940
a50ns,announcements,659,Introducing: /r/blog and /r/announcements,1258435882.0,251
bxeer,announcements,658,blog.reddit: We've revamped our sponsored links! [with an explanatory comic by TheOatmeal],1272511474.0,309
awuyb,announcements,642,reddit has a new rendering engine! (hopefully you didn't notice),1265093110.0,382
crn62,announcements,598,reddit gold: now with actual features!,1279667424.0,2231
b0zbu,announcements,555,blog.reddit: you can now message all the moderators on a reddit at once. ,1265948377.0,195
c0gmy,announcements,510,We are aware that reddit appears hung over and we are tracking down the cause now.  Thank you for your patience.,1273113412.0,180
askpg,announcements,465,blog.reddit -- Messaging updates round 2: we added conversations and an unread tab,1264139850.0,178
g9ikg,announcements,467,When this link is 1 hour old reddit will go down for scheduled maintenance (see inside for details),1300888871.0,434
axboh,announcements,378,blog.reddit -- we've added private RSS feeds (inbox saved subscriptions etc.),1265182995.0,159
adbka,announcements,304,Sorry for the slowness in voting and commenting today.  We're working to fix it.,1260506854.0,209
efpn0,announcements,301,reddit gold gift creddits are now for sale!,1291427499.0,387
afhx2,announcements,223,blog.reddit -- We've updated (and hopefully improved) the messaging interface.,1261032456.0,133
acvfx,announcements,220,blog.reddit -- self serve advertising on reddit is now open for business!,1260411423.0,114
f8k2e,announcements,190,When this link is 30mins old reddit will go down for scheduled maintenance,1295962234.0,114
c0gl6,announcements,19,We are aware that reddit appears hung over and we are tracking down the cause now.  Thank you for your patience.,1273113191.0,4
4phzsi,announcements,0,Sponsored headline tests: placement and design,1466732440.0,1064
3cbo4m,announcements,0,We apologize,1436232996.0,20989
3dautm,announcements,0,Content Policy update. AMA Thursday July 16th 1pm pst.,1436936816.0,18194
28hjga,announcements,0,reddit changes: individual up/down vote counts no longer visible % like it closer to reality major improvements to controversial sorting,1403149179.0,14212
4upf11,announcements,0,New Ad Type: Promoted User Posts,1469578342.0,2211
585n8l,announcements,0,Adding r/baseball as a default community for the remainder of the postseason.,1476846220.0,1809
39bpam,announcements,0,Removing harassing subreddits,1433988111.0,28978
